<?xml version="1.0" encoding="ISO-8859-1"?>
<book xmlns="http://www.qizx.com/namespace/Tutorial">
  <title>Venus on the Half-Shell</title>
  <author>Kilgore Trout</author>
  <publicationDate>MCMLXXV</publicationDate>
  <editions>
    <edition>
      <ISBN>0440361494</ISBN>
      <publisher>Dell Publishing</publisher>
      <language>English</language>
      <year>1980</year>
    </edition>
    <edition>
      <ISBN>0553275313</ISBN>
      <publisher>Bantam Books</publisher>
      <language>English</language>
      <year>1988</year>
    </edition>
  </editions>
</book>
